title,url
Nov 06 Function And Arrays Part 1,https://classroom.pepcoding.com/data-structures-and-algorithms-pitampura-dec-10-2020/80/classvideos/183
Nov 28 Basics Final & Patterns intro Part 2,https://classroom.pepcoding.com/data-structures-and-algorithms-pitampura-dec-10-2020/80/classvideos/38
Nov 28 Basics Final & Patterns intro Part 1,https://classroom.pepcoding.com/data-structures-and-algorithms-pitampura-dec-10-2020/80/classvideos/37
Nov 29 Patterns-1 Part 2,https://classroom.pepcoding.com/data-structures-and-algorithms-pitampura-dec-10-2020/80/classvideos/85
Nov 29 Patterns-1 Part 1,https://classroom.pepcoding.com/data-structures-and-algorithms-pitampura-dec-10-2020/80/classvideos/84
Dec 01 Patterns Final Part 2,https://classroom.pepcoding.com/data-structures-and-algorithms-pitampura-dec-10-2020/80/classvideos/147
Dec 01 Patterns Final Part 1,https://classroom.pepcoding.com/data-structures-and-algorithms-pitampura-dec-10-2020/80/classvideos/146
Dec 03 Generic Tree-1 Part 2,https://classroom.pepcoding.com/data-structures-and-algorithms-pitampura-dec-10-2020/80/classvideos/115
Dec 03 Generic Tree-1 Part 1,https://classroom.pepcoding.com/data-structures-and-algorithms-pitampura-dec-10-2020/80/classvideos/114
Dec 05 Function And Arrays Part 2,https://classroom.pepcoding.com/data-structures-and-algorithms-pitampura-dec-10-2020/80/classvideos/149
Dec 05 Function And Arrays Part 1,https://classroom.pepcoding.com/data-structures-and-algorithms-pitampura-dec-10-2020/80/classvideos/148
Dec 06 Function And Arrays Part 2,https://classroom.pepcoding.com/data-structures-and-algorithms-pitampura-dec-10-2020/80/classvideos/184
Dec 08 Function And Arrays Part 2,https://classroom.pepcoding.com/data-structures-and-algorithms-pitampura-dec-10-2020/80/classvideos/186
Dec 08 Function And Arrays Part 1,https://classroom.pepcoding.com/data-structures-and-algorithms-pitampura-dec-10-2020/80/classvideos/185
Dec 12 2D Array Part 2,https://classroom.pepcoding.com/data-structures-and-algorithms-pitampura-dec-10-2020/80/classvideos/271
Dec 12 2D Array Part 1,https://classroom.pepcoding.com/data-structures-and-algorithms-pitampura-dec-10-2020/80/classvideos/270
Dec 13 2D Array Part 2,https://classroom.pepcoding.com/data-structures-and-algorithms-pitampura-dec-10-2020/80/classvideos/277
Dec 13 2D Array Part 1,https://classroom.pepcoding.com/data-structures-and-algorithms-pitampura-dec-10-2020/80/classvideos/274
Dec 15 2D Array Part 2,https://classroom.pepcoding.com/data-structures-and-algorithms-pitampura-dec-10-2020/80/classvideos/333
Dec 15 2D Array Part 1,https://classroom.pepcoding.com/data-structures-and-algorithms-pitampura-dec-10-2020/80/classvideos/332
Dec 19 String Part 2,https://classroom.pepcoding.com/data-structures-and-algorithms-pitampura-dec-10-2020/80/classvideos/430
Dec 19 String Part 1,https://classroom.pepcoding.com/data-structures-and-algorithms-pitampura-dec-10-2020/80/classvideos/429
Dec 20 String Builder and Arraylist Part 2,https://classroom.pepcoding.com/data-structures-and-algorithms-pitampura-dec-10-2020/80/classvideos/446
Dec 20 String Builder and Arraylist Part 1,https://classroom.pepcoding.com/data-structures-and-algorithms-pitampura-dec-10-2020/80/classvideos/445
Dec 22 Recursion in motion Part 2,https://classroom.pepcoding.com/data-structures-and-algorithms-pitampura-dec-10-2020/80/classvideos/476
Dec 22 Recursion in motion Part 1,https://classroom.pepcoding.com/data-structures-and-algorithms-pitampura-dec-10-2020/80/classvideos/475
Dec 26 Recursion in arrays  Part 2,https://classroom.pepcoding.com/data-structures-and-algorithms-pitampura-dec-10-2020/80/classvideos/555
Dec 26 Recursion in arrays  Part 1,https://classroom.pepcoding.com/data-structures-and-algorithms-pitampura-dec-10-2020/80/classvideos/554
Dec 27 Recursion in Arraylist Part 2,https://classroom.pepcoding.com/data-structures-and-algorithms-pitampura-dec-10-2020/80/classvideos/558
Dec 27 Recursion in Arraylist Part 1,https://classroom.pepcoding.com/data-structures-and-algorithms-pitampura-dec-10-2020/80/classvideos/556
Dec 29 Recursion on the way up Part 2,https://classroom.pepcoding.com/data-structures-and-algorithms-pitampura-dec-10-2020/80/classvideos/584
Dec 29 Recursion on the way up Part 1,https://classroom.pepcoding.com/data-structures-and-algorithms-pitampura-dec-10-2020/80/classvideos/583
Jan 02 Recursion  with backtracking Part 2,https://classroom.pepcoding.com/data-structures-and-algorithms-pitampura-dec-10-2020/80/classvideos/688
Jan 02 Recursion  with backtracking Part 1,https://classroom.pepcoding.com/data-structures-and-algorithms-pitampura-dec-10-2020/80/classvideos/687
Jan 03 Recursion  with backtracking Part 2,https://classroom.pepcoding.com/data-structures-and-algorithms-pitampura-dec-10-2020/80/classvideos/690
Jan 03 Recursion  with backtracking Part 1,https://classroom.pepcoding.com/data-structures-and-algorithms-pitampura-dec-10-2020/80/classvideos/689
Jan 05 Time and space Part-2,https://classroom.pepcoding.com/data-structures-and-algorithms-pitampura-dec-10-2020/80/classvideos/720
Jan 05 Time and space Part-1,https://classroom.pepcoding.com/data-structures-and-algorithms-pitampura-dec-10-2020/80/classvideos/719
Jan 09 Time and space Part 4,https://classroom.pepcoding.com/data-structures-and-algorithms-pitampura-dec-10-2020/80/classvideos/804
Jan 09 Time and space Part 3,https://classroom.pepcoding.com/data-structures-and-algorithms-pitampura-dec-10-2020/80/classvideos/803
Jan 09 Time and space Part 2,https://classroom.pepcoding.com/data-structures-and-algorithms-pitampura-dec-10-2020/80/classvideos/802
Jan 09 Time and space Part 1,https://classroom.pepcoding.com/data-structures-and-algorithms-pitampura-dec-10-2020/80/classvideos/801
Jan 10 Time and space Part 5,https://classroom.pepcoding.com/data-structures-and-algorithms-pitampura-dec-10-2020/80/classvideos/874
Jan 10 Time and space Part 4,https://classroom.pepcoding.com/data-structures-and-algorithms-pitampura-dec-10-2020/80/classvideos/873
Jan 10 Time and space Part 3,https://classroom.pepcoding.com/data-structures-and-algorithms-pitampura-dec-10-2020/80/classvideos/872
Jan 10 Time and space Part 2,https://classroom.pepcoding.com/data-structures-and-algorithms-pitampura-dec-10-2020/80/classvideos/871
Jan 10 Time and space Part 1,https://classroom.pepcoding.com/data-structures-and-algorithms-pitampura-dec-10-2020/80/classvideos/870
Jan 19 Time and space Part 6,https://classroom.pepcoding.com/data-structures-and-algorithms-pitampura-dec-10-2020/80/classvideos/1245
Jan 19 Time and space Part 5,https://classroom.pepcoding.com/data-structures-and-algorithms-pitampura-dec-10-2020/80/classvideos/1244
Jan 19 Time and space Part 4,https://classroom.pepcoding.com/data-structures-and-algorithms-pitampura-dec-10-2020/80/classvideos/1243
Jan 19 Time and space Part 3,https://classroom.pepcoding.com/data-structures-and-algorithms-pitampura-dec-10-2020/80/classvideos/1242
Jan 19 Time and space Part 2,https://classroom.pepcoding.com/data-structures-and-algorithms-pitampura-dec-10-2020/80/classvideos/1241
Jan 19 Time and space Part 1,https://classroom.pepcoding.com/data-structures-and-algorithms-pitampura-dec-10-2020/80/classvideos/1240
Jan 23 DP Part 6,https://classroom.pepcoding.com/data-structures-and-algorithms-pitampura-dec-10-2020/80/classvideos/1607
Jan 23 DP Part 5,https://classroom.pepcoding.com/data-structures-and-algorithms-pitampura-dec-10-2020/80/classvideos/1606
Jan 23 DP Part 4,https://classroom.pepcoding.com/data-structures-and-algorithms-pitampura-dec-10-2020/80/classvideos/1603
Jan 23 DP Part 3,https://classroom.pepcoding.com/data-structures-and-algorithms-pitampura-dec-10-2020/80/classvideos/1600
Jan 23 DP Part 2,https://classroom.pepcoding.com/data-structures-and-algorithms-pitampura-dec-10-2020/80/classvideos/1599
Jan 23 DP Part 1,https://classroom.pepcoding.com/data-structures-and-algorithms-pitampura-dec-10-2020/80/classvideos/1598
Jan 24 DP Part 6,https://classroom.pepcoding.com/data-structures-and-algorithms-pitampura-dec-10-2020/80/classvideos/1615
Jan 24 DP Part 5,https://classroom.pepcoding.com/data-structures-and-algorithms-pitampura-dec-10-2020/80/classvideos/1614
Jan 24 DP Part 4,https://classroom.pepcoding.com/data-structures-and-algorithms-pitampura-dec-10-2020/80/classvideos/1613
Jan 24 DP Part 3,https://classroom.pepcoding.com/data-structures-and-algorithms-pitampura-dec-10-2020/80/classvideos/1612
Jan 24 DP Part 2,https://classroom.pepcoding.com/data-structures-and-algorithms-pitampura-dec-10-2020/80/classvideos/1611
Jan 24 DP Part 1,https://classroom.pepcoding.com/data-structures-and-algorithms-pitampura-dec-10-2020/80/classvideos/1610
Jan 28 DP Part 5,https://classroom.pepcoding.com/data-structures-and-algorithms-pitampura-dec-10-2020/80/classvideos/1733
Jan 28 DP Part 4,https://classroom.pepcoding.com/data-structures-and-algorithms-pitampura-dec-10-2020/80/classvideos/1732
Jan 28 DP Part 3,https://classroom.pepcoding.com/data-structures-and-algorithms-pitampura-dec-10-2020/80/classvideos/1731
Jan 28 DP Part 2,https://classroom.pepcoding.com/data-structures-and-algorithms-pitampura-dec-10-2020/80/classvideos/1730
Jan 28 DP Part 1,https://classroom.pepcoding.com/data-structures-and-algorithms-pitampura-dec-10-2020/80/classvideos/1729
Jan 30 DP Part 6,https://classroom.pepcoding.com/data-structures-and-algorithms-pitampura-dec-10-2020/80/classvideos/1872
Jan 30 DP Part 5,https://classroom.pepcoding.com/data-structures-and-algorithms-pitampura-dec-10-2020/80/classvideos/1871
Jan 30 DP Part 4,https://classroom.pepcoding.com/data-structures-and-algorithms-pitampura-dec-10-2020/80/classvideos/1870
Jan 30 DP Part 3,https://classroom.pepcoding.com/data-structures-and-algorithms-pitampura-dec-10-2020/80/classvideos/1869
Jan 30 DP Part 2,https://classroom.pepcoding.com/data-structures-and-algorithms-pitampura-dec-10-2020/80/classvideos/1868
Jan 30 DP Part 1,https://classroom.pepcoding.com/data-structures-and-algorithms-pitampura-dec-10-2020/80/classvideos/1867
Jan 31 DP Part 4,https://classroom.pepcoding.com/data-structures-and-algorithms-pitampura-dec-10-2020/80/classvideos/1876
Jan 31 DP Part 3,https://classroom.pepcoding.com/data-structures-and-algorithms-pitampura-dec-10-2020/80/classvideos/1875
Jan 31 DP Part 2,https://classroom.pepcoding.com/data-structures-and-algorithms-pitampura-dec-10-2020/80/classvideos/1874
Jan 31 DP Part 1,https://classroom.pepcoding.com/data-structures-and-algorithms-pitampura-dec-10-2020/80/classvideos/1873
Feb 04 DP-Buy & Sell stock,https://classroom.pepcoding.com/data-structures-and-algorithms-pitampura-dec-10-2020/80/classvideos/1901
Feb 06 DP-Final,https://classroom.pepcoding.com/data-structures-and-algorithms-pitampura-dec-10-2020/80/classvideos/1950
Feb 07 Stacks & Queues,https://classroom.pepcoding.com/data-structures-and-algorithms-pitampura-dec-10-2020/80/classvideos/1954
Feb 11 Stacks & Queues,https://classroom.pepcoding.com/data-structures-and-algorithms-pitampura-dec-10-2020/80/classvideos/2200
Feb 11 Stacks & Queues - 1,https://classroom.pepcoding.com/data-structures-and-algorithms-pitampura-dec-10-2020/80/classvideos/2070
Feb 18 Stacks & Queues - 2,https://classroom.pepcoding.com/data-structures-and-algorithms-pitampura-dec-10-2020/80/classvideos/2201
Feb 20 OOPs,https://classroom.pepcoding.com/data-structures-and-algorithms-pitampura-dec-10-2020/80/classvideos/2140
Feb 21 Stacks & Queues - 4,https://classroom.pepcoding.com/data-structures-and-algorithms-pitampura-dec-10-2020/80/classvideos/2151
Feb 25 Stacks & Queues - Final,https://classroom.pepcoding.com/data-structures-and-algorithms-pitampura-dec-10-2020/80/classvideos/2208
Feb 27 Linked List,https://classroom.pepcoding.com/data-structures-and-algorithms-pitampura-dec-10-2020/80/classvideos/2229
Feb 28 Linked List - 2,https://classroom.pepcoding.com/data-structures-and-algorithms-pitampura-dec-10-2020/80/classvideos/2243
Mar 04 Linked Lists - 3,https://classroom.pepcoding.com/data-structures-and-algorithms-pitampura-dec-10-2020/80/classvideos/2274
Mar 06 Linked list Part 4,https://classroom.pepcoding.com/data-structures-and-algorithms-pitampura-dec-10-2020/80/classvideos/2292
Mar 07 Generic Tree - 2,https://classroom.pepcoding.com/data-structures-and-algorithms-pitampura-dec-10-2020/80/classvideos/2313
Mar 11 Generic Tree - 3,https://classroom.pepcoding.com/data-structures-and-algorithms-pitampura-dec-10-2020/80/classvideos/2353
Mar 13 Generic Tree - 4,https://classroom.pepcoding.com/data-structures-and-algorithms-pitampura-dec-10-2020/80/classvideos/2387
Mar 14 Generic Tree - Final,https://classroom.pepcoding.com/data-structures-and-algorithms-pitampura-dec-10-2020/80/classvideos/2400
Mar 18 Binary Tree - Intro,https://classroom.pepcoding.com/data-structures-and-algorithms-pitampura-dec-10-2020/80/classvideos/2432
Mar 20 Binary Tree - 1,https://classroom.pepcoding.com/data-structures-and-algorithms-pitampura-dec-10-2020/80/classvideos/2449
Mar 21 Binary Tree - 2,https://classroom.pepcoding.com/data-structures-and-algorithms-pitampura-dec-10-2020/80/classvideos/2472
Mar 25 BST,https://classroom.pepcoding.com/data-structures-and-algorithms-pitampura-dec-10-2020/80/classvideos/2524
Mar 26 Graph - Intro,https://classroom.pepcoding.com/data-structures-and-algorithms-pitampura-dec-10-2020/80/classvideos/2532
Mar 27 Graph - 1,https://classroom.pepcoding.com/data-structures-and-algorithms-pitampura-dec-10-2020/80/classvideos/2541
Apr 01 Graph - 2,https://classroom.pepcoding.com/data-structures-and-algorithms-pitampura-dec-10-2020/80/classvideos/2575
Apr 02 HashMap & Heap - Intro,https://classroom.pepcoding.com/data-structures-and-algorithms-pitampura-dec-10-2020/80/classvideos/2582
Apr 03 HashMap & Heap - 1,https://classroom.pepcoding.com/data-structures-and-algorithms-pitampura-dec-10-2020/80/classvideos/2593
Apr 04 HashMap & Heap : Creation,https://classroom.pepcoding.com/data-structures-and-algorithms-pitampura-dec-10-2020/80/classvideos/2619
